register name,DESCNTRL_REG,,,,
register address(offset),0x0,,,,
Bits,Name,R/W,default value,description,
[0],start,rw,0x0,,
[1],encrypt,rw,0x0,,
[3:2],key_sel,rw,0x0,,
[4],des_mode,rw,0x0,,
[6:5],op_mode,rw,0x0,,
[31:7],unused,rw,0x0,field unused { bits 25; },
,,,,,
,,,,,
,,,,,
,,,,,
register name,DESRAND_REG0,,,,
register address(offset),0x10,,,,
Bits,Name,R/W,default value,description,
[31:0],DESRAND_REG0,wo,0x0,,
,,,,,
,,,,,
,,,,,
,,,,,
register name,DESRAND_REG1,,,,
register address(offset),0x14,,,,
Bits,Name,R/W,default value,description,
[31:0],DESRAND_REG1,wo,0x0,,
,,,,,
,,,,,
,,,,,
,,,,,
register name,DESIV_REG0,,,,
register address(offset),0x18,,,,
Bits,Name,R/W,default value,description,
[31:0],DESIV_REG0,wo,0x0,,
,,,,,
,,,,,
,,,,,
,,,,,
register name,DESIV_REG1,,,,
register address(offset),0x1C,,,,
Bits,Name,R/W,default value,description,
[31:0],DESIV_REG1,wo,0x0,,
,,,,,
,,,,,
,,,,,
,,,,,
register name,DESDATA_REG0,,,,
register address(offset),0x20,,,,
Bits,Name,R/W,default value,description,
[31:0],DESDATA0,rw,0x0,,
,,,,,
,,,,,
,,,,,
register name,DESDATA_REG1,,,,
register address(offset),0x24,,,,
Bits,Name,R/W,default value,description,
[31:0],DESDATA1,rw,0x0,,
,,,,,
,,,,,
,,,,,
register name,DESKEY1_REG0,,,,
register address(offset),0x28,,,,
Bits,Name,R/W,default value,description,
[31:0],DESKEY1_REG0,wo,0x0,,
,,,,,
,,,,,
,,,,,
register name,DESKEY1_REG1,,,,
register address(offset),0x2C,,,,
Bits,Name,R/W,default value,description,
[31:0],DESKEY1_REG1,wo,0x0,,
,,,,,
,,,,,
,,,,,
register name,DESKEY2_REG0,,,,
register address(offset),0x30,,,,
Bits,Name,R/W,default value,description,
[31:0],DESKEY2_REG0,wo,0x0,,
,,,,,
,,,,,
,,,,,
register name,DESKEY2_REG1,,,,
register address(offset),0x34,,,,
Bits,Name,R/W,default value,description,
[31:0],DESKEY2_REG1,wo,0x0,,
,,,,,
,,,,,
,,,,,
register name,DESKEY3_REG0,,,,
register address(offset),0x38,,,,
Bits,Name,R/W,default value,description,
[31:0],DESKEY3_REG0,wo,0x0,,
,,,,,
,,,,,
,,,,,
register name,DESKEY3_REG1,,,,
register address(offset),0x3C,,,,
Bits,Name,R/W,default value,description,
[31:0],DESKEY3_REG1,wo,0x0,,
,,,,,
,,,,,
,,,,,
,,,,,
,,,,,
block name,DES,,,,
block bytes,0x80,,,,
,,,,,
,,,,,
,,,,,
,,,,,
,,,,,
,,,,,
,,,,,
register name,WDTCtrl,,,,
register address(offset),0x0,,,,
Bits,Name,R/W,default value,description,
[0],WDT_EN,rw,0x0,,
[1],RMOD,rw,0x1,,
[4:2],RPL,rw,0x0,,
[31:5],unused,rw,0x0,field unused { bits 27; },
,,,,,
,,,,,
,,,,,
,,,,,
register name,WDTTORR,,,,
register address(offset),0x04,,,,
Bits,Name,R/W,default value,description,
[3:0],TOP,rw,0x0,,
[31:4],unused,rw,0x0,field unused { bits 28; },
,,,,,
,,,,,
,,,,,
,,,,,
register name,WDTCCVR,,,,
register address(offset),0x08,,,,
Bits,Name,R/W,default value,description,
[31:0],WDT_CCVR,ro,0xffff,,
,,,,,
,,,,,
,,,,,
,,,,,
register name,WDTCRR,,,,
register address(offset),0x0C,,,,
Bits,Name,R/W,default value,description,
[7:0],WDT_CRR,wo,0x0,,
[31:8],unused,ro,0x0,field unused { bits 24; },
,,,,,
,,,,,
,,,,,
register name,WDTSTAT,,,,
register address(offset),0x10,,,,
Bits,Name,R/W,default value,description,
[0],WDT_INTSTAT,ro,0x0,,
[31:1],unused,ro,0x0,field unused { bits 31; },
,,,,,
,,,,,
,,,,,
register name,WDTEOI,,,,
register address(offset),0x14,,,,
Bits,Name,R/W,default value,description,
[0],WDT_EOI,rc,0x0,,
[31:1],unused,ro,0x0,field unused { bits 31; },
,,,,,
,,,,,
,,,,,
,,,,,
block name,WDT,,,,
block bytes,0x40,,,,
,,,,,
,,,,,
,,,,,
,,,,,
,,,,,
,,,,,
register name,SCIMODHW,,,,
register address(offset),0x0,,,,
Bits,Name,R/W,default value,description,
[0],tmode_sel,rw,0x0,,
[1],dirc_sel,rw,0x0,,
[2],outtyp_sel,rw,0x1,,
[4:3],etu_sel,rw,0x0,,
[7:5],retry_sel,rw,0x2,,
[31:8],unused,rw,0x0,,
,,,,,
,,,,,
,,,,,
register name,SCICTRL,,,,
register address(offset),0x08,,,,
Bits,Name,R/W,default value,description,
[0],IOMOD_SEL,rw,0x0,,
[1],IOPAD1_EN,rw,0x1,,
[2],IOPAD2_EN,rw,0x1,,
[3],retry_en,rw,0x1,,
[4],rx_fifo_clr,rw,0x0,,
[5],tx_fifo_clr,rw,0x0,,
[31:6],unused,rw,0x0,field unused { bits 26; },
,,,,,
,,,,,
,,,,,
,,,,,
register name,SCISTAT,,,,
register address(offset),0x0C,,,,
Bits,Name,R/W,default value,description,
[0],rx_fifo_empty,ro,0x0,,
[1],rx_fifo_full,ro,0x0,,
[2],rx_error,ro,0x0,,
[3],tx_fifo_empty,ro,0x0,,
[4],tx_fifo_full,ro,0x0,,
[5],tx_error,ro,0x0,,
[6],bgt_flag,ro,0x0,,
[7],cwt_flag,ro,0x0,,
[31:8],unused,ro,0x0,,
,,,,,
,,,,,
,,,,,
,,,,,
,,,,,
register name,SCIINTIO1,,,,
register address(offset),0x10,,,,
Bits,Name,R/W,default value,description,
[0],iopad_int,w1c,0x0,,
[1],rx_int,w1c,0x0,,
[2],tx_int,w1c,0x0,,
[31:3],unused,w1c,0x0,,
,,,,,
,,,,,
,,,,,
register name,SCIEDCCTRL,,,,
register address(offset),0x18,,,,
Bits,Name,R/W,default value,description,
[0],edc_en,rw,0x0,,
[31:1],unused,rw,0x0,,
,,,,,
,,,,,
,,,,,
register name,SCIBGTCTRL,,,,
register address(offset),0x1C,,,,
Bits,Name,R/W,default value,description,
[0],bgt_en,rw,0x0,,
[1],cwt_en,rw,0x0,,
[31:2],unused,rw,0x0,,
,,,,,
,,,,,
register name,SCIBUFHW,,,,
register address(offset),0x20,,,,
Bits,Name,R/W,default value,description,
[7:0],SCIBUFHW,rw,0x0,,
[31:8],unused,rw,0x0,,
,,,,,
,,,,,
,,,,,
,,,,,
register name,SCIETUDATA,,,,
register address(offset),0x28,,,,
Bits,Name,R/W,default value,description,
[12:0],ETUDATA,rw,0x174,,
[31:13],unused,rw,0x0,,
,,,,,
,,,,,
register name,SCIBGTDATA,,,,
register address(offset),0x2C,,,,
Bits,Name,R/W,default value,description,
[4:0],BGTDATA,rw,0x16,,
[31:5],unused,rw,0x0,,
,,,,,
,,,,,
,,,,,
register name,SCICWTDATA,,,,
register address(offset),0x30,,,,
Bits,Name,R/W,default value,description,
[15:0],wtdata,rw,0x2580,,
[31:16],unused,rw,0x0,,
,,,,,
,,,,,
register name,SCIEDCDATA,,,,
register address(offset),0x34,,,,
Bits,Name,R/W,default value,description,
[7:0],EDCDATA,rw,0x0,,
[31:8],unused,rw,0x0,,
,,,,,
,,,,,
,,,,,
,,,,,
block name,SCI7816,,,,
block bytes,0x80,,,,
,,,,,
,,,,,
,,,,,
,,,,,
,,,,,
,,,,,
,,,,,
,,,,,
,,,,,
,,,,,
register name,IRQ_inten,,,,
register address(offset),0x0,,,,
Bits,Name,R/W,default value,description,
[0],sci_rx_int_en,rw,0x0,,
[1],sci_tx_int_en,rw,0x0,,
[2],gpio_int_en,rw,0x0,,
[3],rf_int_en,rw,0x0,,
[4],timer0_int_en,rw,0x0,,
[5],timer1_int_en,rw,0x0,,
[6],timer2_int_en,rw,0x0,,
[7],ee_int_en,rw,0x0,,
[8],rsa_int_en,rw,0x0,,
[31:9],unused,rw,0x0,field unused { bits 23; },
,,,,,
,,,,,
,,,,,
,,,,,
register name,IRQIntMsk,,,,
register address(offset),0x08,,,,
Bits,Name,R/W,default value,description,
[0],sci_rx_int_mask,rw,0x0,,
[1],sci_tx_int_mask,rw,0x0,,
[2],gpio_int_mask,rw,0x0,,
[3],rf_int_mask,rw,0x0,,
[4],timer0_int_mask,rw,0x0,,
[5],timer1_int_mask,rw,0x0,,
[6],timer2_int_mask,rw,0x0,,
[7],ee_int_mask,rw,0x0,,
[8],rsa_int_mask,rw,0x0,,
[31:9],unused,rw,0x0,field unused { bits 23; },
,,,,,
,,,,,
,,,,,
,,,,,
register name,IRQIntForce,,,,
register address(offset),0x010,,,,
Bits,Name,R/W,default value,description,
[0],sci_rx_int_force,rw,0x0,,
[1],sci_tx_int_force,rw,0x0,,
[2],gpio_int_force,rw,0x0,,
[3],rf_int_force,rw,0x0,,
[4],timer0_int_force,rw,0x0,,
[5],timer1_int_force,rw,0x0,,
[6],timer2_int_force,rw,0x0,,
[7],ee_int_force,rw,0x0,,
[8],rsa_int_force,rw,0x0,,
[31:9],unused,rw,0x0,field unused { bits 23; },
,,,,,
,,,,,
,,,,,
,,,,,
,,,,,
,,,,,
register name,IRQRawStat,,,,
register address(offset),0x18,,,,
Bits,Name,R/W,default value,description,
[0],sci_rx_int_source,ro,0x0,,
[1],sci_tx_int_source,ro,0x0,,
[2],gpio_int_source,ro,0x0,,
[3],rf_int_source,ro,0x0,,
[4],timer0_int_source,ro,0x0,,
[5],timer1_int_source,ro,0x0,,
[6],timer2_int_source,ro,0x0,,
[7],ee_int_source,ro,0x0,,
[8],rsa_int_source,ro,0x0,,
[31:9],unused,ro,0x0,field unused { bits 23; },
,,,,,
,,,,,
,,,,,
register name,IRQStat,,,,
register address(offset),0x20,,,,
Bits,Name,R/W,default value,description,
[0],sci_rx_int_status,ro,0x0,,
[1],sci_tx_int_status,ro,0x0,,
[2],gpio_int_status,ro,0x0,,
[3],rf_int_status,ro,0x0,,
[4],timer0_int_status,ro,0x0,,
[5],timer1_int_status,ro,0x0,,
[6],timer2_int_status,ro,0x0,,
[7],ee_int_status,ro,0x0,,
[8],rsa_int_status,ro,0x0,,
[31:9],unused,ro,0x0,field unused { bits 23; },
,,,,,
,,,,,
,,,,,
,,,,,
register name,IRQMaskStat,,,,
register address(offset),0x28,,,,
Bits,Name,R/W,default value,description,
[0],sci_rx_int_maskstatus,ro,0x0,,
[1],sci_tx_int_maskstatus,ro,0x0,,
[2],gpio_int_maskstatus,ro,0x0,,
[3],rf_int_maskstatus,ro,0x0,,
[4],timer0_int_maskstatus,ro,0x0,,
[5],timer1_int_maskstatus,ro,0x0,,
[6],timer2_int_maskstatus,ro,0x0,,
[7],ee_int_maskstatus,ro,0x0,,
[8],rsa_int_maskstatus,ro,0x0,,
[31:9],unused,ro,0x0,field unused { bits 23; },
,,,,,
,,,,,
,,,,,
,,,,,
register name,IRQFinalStat,,,,
register address(offset),0x30,,,,
Bits,Name,R/W,default value,description,
[0],sci_rx_int_finalstatus,ro,0x0,,
[1],sci_tx_int_finalstatus,ro,0x0,,
[2],gpio_int_finalstatus,ro,0x0,,
[3],rf_int_finalstatus,ro,0x0,,
[4],timer0_int_finalstatus,ro,0x0,,
[5],timer1_int_finalstatus,ro,0x0,,
[6],timer2_int_finalstatus,ro,0x0,,
[7],ee_int_finalstatus,ro,0x0,,
[8],rsa_int_finalstatus,ro,0x0,,
[31:9],unused,ro,0x0,field unused { bits 23; },
,,,,,
,,,,,
,,,,,
,,,,,
register name,IRQVector,,,,
register address(offset),0x38,,,,
Bits,Name,R/W,default value,description,
[31:0],IRQ_Vec_Current,ro,0x0,,
,,,,,
,,,,,
,,,,,
,,,,,
register name,IRQVector0,,,,
register address(offset),0x40,,,,
Bits,Name,R/W,default value,description,
[31:0],IRQ_Vec_0,rw,0x0,,
,,,,,
,,,,,
,,,,,
register name,IRQVector1,,,,
register address(offset),0x48,,,,
Bits,Name,R/W,default value,description,
[31:0],IRQ_Vec_1,rw,0x0,,
,,,,,
,,,,,
,,,,,
register name,IRQVector2,,,,
register address(offset),0x50,,,,
Bits,Name,R/W,default value,description,
[31:0],IRQ_Vec_2,rw,0x0,,
,,,,,
register name,IRQVector3,,,,
register address(offset),0x58,,,,
Bits,Name,R/W,default value,description,
[31:0],IRQ_Vec_3,rw,0x0,,
,,,,,
,,,,,
register name,IRQVector4,,,,
register address(offset),0x60,,,,
Bits,Name,R/W,default value,description,
[31:0],IRQ_Vec_4,rw,0x0,,
,,,,,
,,,,,
register name,IRQVector5,,,,
register address(offset),0x68,,,,
Bits,Name,R/W,default value,description,
[31:0],IRQ_Vec_5,rw,0x0,,
,,,,,
,,,,,
register name,IRQVector6,,,,
register address(offset),0x70,,,,
Bits,Name,R/W,default value,description,
[31:0],IRQ_Vec_6,rw,0x0,,
,,,,,
,,,,,
register name,IRQVector7,,,,
register address(offset),0x78,,,,
Bits,Name,R/W,default value,description,
[31:0],IRQ_Vec_7,rw,0x0,,
,,,,,
,,,,,
register name,IRQVector8,,,,
register address(offset),0x80,,,,
Bits,Name,R/W,default value,description,
[31:0],IRQ_Vec_8,rw,0x0,,
,,,,,
,,,,,
register name,IRQVector9,,,,
register address(offset),0x88,,,,
Bits,Name,R/W,default value,description,
[31:0],IRQ_Vec_9,rw,0x0,,
,,,,,
,,,,,
register name,IRQVector10,,,,
register address(offset),0x90,,,,
Bits,Name,R/W,default value,description,
[31:0],IRQ_Vec_10,rw,0x0,,
,,,,,
,,,,,
register name,IRQVector11,,,,
register address(offset),0x98,,,,
Bits,Name,R/W,default value,description,
[31:0],IRQ_Vec_11,rw,0x0,,
,,,,,
,,,,,
,,,,,
register name,IRQVector12,,,,
register address(offset),0xA0,,,,
Bits,Name,R/W,default value,description,
[31:0],IRQ_Vec_12,rw,0x0,,
,,,,,
,,,,,
register name,IRQVector13,,,,
register address(offset),0xA8,,,,
Bits,Name,R/W,default value,description,
[31:0],IRQ_Vec_13,rw,0x0,,
,,,,,
,,,,,
,,,,,
,,,,,
register name,IRQVector14,,,,
register address(offset),0xB0,,,,
Bits,Name,R/W,default value,description,
[31:0],IRQ_Vec_14,rw,0x0,,
,,,,,
,,,,,
register name,IRQVector15,,,,
register address(offset),0xB8,,,,
Bits,Name,R/W,default value,description,
[31:0],IRQ_Vec_15,rw,0x0,,
,,,,,
,,,,,
,,,,,
register name,FIQ_inten,,,,
register address(offset),0xC0,,,,
Bits,Name,R/W,default value,description,
[0],wdt_int_en,rw,0x0,,
[31:1],unused,rw,0x0,,
,,,,,
,,,,,
register name,FIQ_intmask,,,,
register address(offset),0xC4,,,,
Bits,Name,R/W,default value,description,
[0],wdt_int_mask,rw,0x0,,
[31:1],unused,rw,0x0,,
,,,,,
,,,,,
,,,,,
,,,,,
register name,FIQintforce,,,,
register address(offset),0xC8,,,,
Bits,Name,R/W,default value,description,
[0],WDT_int_force,rw,0x0,,
[31:1],unused,rw,0x0,,
,,,,,
,,,,,
register name,FIQRawStat,,,,
register address(offset),0xCC,,,,
Bits,Name,R/W,default value,description,
[0],WDT_Int_source,ro,0x0,,
[31:1],unused,ro,0x0,,
,,,,,
,,,,,
register name,FIQStat,,,,
register address(offset),0xD0,,,,
Bits,Name,R/W,default value,description,
[0],WDT_Int_status,ro,0x0,,
[31:1],unused,ro,0x0,,
,,,,,
,,,,,
register name,FIQFinalStat,,,,
register address(offset),0xD4,,,,
Bits,Name,R/W,default value,description,
[0],WDT_int_finalstat,ro,0x0,,
[31:1],unused,ro,0x0,,
,,,,,
,,,,,
register name,IRQPLevel,,,,
register address(offset),0xD8,,,,
Bits,Name,R/W,default value,description,
[3:0],IRQPLevel,rw,0x0,,
[31:4],unused,rw,0x0,,
,,,,,
,,,,,
register name,IRQ_P_N_offset0,,,,
register address(offset),0xE8,,,,
Bits,Name,R/W,default value,description,
[3:0],IRQ_Prio_0,rw,0x0,,
[31:4],unused,rw,0x0,,
,,,,,
,,,,,
register name,IRQ_P_N_offset1,,,,
register address(offset),0xEC,,,,
Bits,Name,R/W,default value,description,
[3:0],IRQ_Prio_1,rw,0x1,,
[31:4],unused,rw,0x0,,
,,,,,
,,,,,
register name,IRQ_P_N_offset2,,,,
register address(offset),0xF0,,,,
Bits,Name,R/W,default value,description,
[3:0],IRQ_Prio_2,rw,0x2,,
[31:4],unused,rw,0x0,,
,,,,,
,,,,,
,,,,,
register name,IRQ_P_N_offset3,,,,
register address(offset),0xF4,,,,
Bits,Name,R/W,default value,description,
[3:0],IRQ_Prio_3,rw,0x3,,
[31:4],unused,rw,0x0,,
,,,,,
,,,,,
,,,,,
,,,,,
register name,IRQ_P_N_offset4,,,,
register address(offset),0xF8,,,,
Bits,Name,R/W,default value,description,
[3:0],IRQ_Prio_4,rw,0x4,,
[31:4],unused,rw,0x0,,
,,,,,
,,,,,
,,,,,
register name,IRQ_P_N_offset5,,,,
register address(offset),0xFC,,,,
Bits,Name,R/W,default value,description,
[3:0],IRQ_Prio_5,rw,0x5,,
[31:4],unused,rw,0x0,,
,,,,,
,,,,,
,,,,,
register name,IRQ_P_N_offset6,,,,
register address(offset),0x100,,,,
Bits,Name,R/W,default value,description,
[3:0],IRQ_Prio_6,rw,0x6,,
[31:4],unused,rw,0x0,,
,,,,,
,,,,,
,,,,,
register name,IRQ_P_N_offset7,,,,
register address(offset),0x104,,,,
Bits,Name,R/W,default value,description,
[3:0],IRQ_Prio_7,rw,0x7,,
[31:4],unused,rw,0x0,,
,,,,,
,,,,,
,,,,,
register name,IRQ_P_N_offset8,,,,
register address(offset),0x108,,,,
Bits,Name,R/W,default value,description,
[3:0],IRQ_Prio_8,rw,0x8,,
[31:4],unused,rw,0x0,,
,,,,,
,,,,,
,,,,,
,,,,,
register name,IRQ_P_N_offset9,,,,
register address(offset),0x10C,,,,
Bits,Name,R/W,default value,description,
[3:0],IRQ_Prio_9,rw,0x9,,
[31:4],unused,rw,0x0,,
,,,,,
,,,,,
,,,,,
register name,IRQ_P_N_offset10,,,,
register address(offset),0x110,,,,
Bits,Name,R/W,default value,description,
[3:0],IRQ_Prio_10,rw,0xa,,
[31:4],unused,rw,0x0,,
,,,,,
,,,,,
,,,,,
,,,,,
register name,IRQ_P_N_offset11,,,,
register address(offset),0x114,,,,
Bits,Name,R/W,default value,description,
[3:0],IRQ_Prio_11,rw,0xb,,
[31:4],unused,rw,0x0,,
,,,,,
,,,,,
,,,,,
,,,,,
,,,,,
,,,,,
,,,,,
block name,ICTL,,,,
block bytes,0x400,,,,
,,,,,
,,,,,
,,,,,
,,,,,
,,,,,
,,,,,
,,,,,
,,,,,
,,,,,
register name,GPIODATA,,,,
register address(offset),0x0,,,,
Bits,Name,R/W,default value,description,
[0],GPIODATA,rw,0x0,,
[31:1],unused,rw,0x0,field unused { bits 31; },
,,,,,
,,,,,
,,,,,
register name,GPIODIR,,,,
register address(offset),0x4,,,,
Bits,Name,R/W,default value,description,
[0],GPIODIR,rw,0x0,,
[31:1],unused,rw,0x0,,
,,,,,
,,,,,
,,,,,
register name,GPIOCtrl,,,,
register address(offset),0x08,,,,
Bits,Name,R/W,default value,description,
[0],GPIOAFSEL,rw,0x1,,
[31:1],unused,rw,0x0,,
,,,,,
,,,,,
,,,,,
register name,GPIOIntEn,,,,
register address(offset),0x30,,,,
Bits,Name,R/W,default value,description,
[0],GPIOIntEn,rw,0x0,,
[31:1],unused,rw,0x0,,
,,,,,
,,,,,
,,,,,
register name,GPIOMask,,,,
register address(offset),0x34,,,,
Bits,Name,R/W,default value,description,
[0],GPIOMask,rw,0x0,,
[31:1],unused,rw,0x0,,
,,,,,
,,,,,
,,,,,
register name,GPIOIS,,,,
register address(offset),0x38,,,,
Bits,Name,R/W,default value,description,
[0],GPIOIS,rw,0x0,,
[31:1],unused,rw,0x0,,
,,,,,
,,,,,
register name,GPIOIEV,,,,
register address(offset),0x3C,,,,
Bits,Name,R/W,default value,description,
[0],GPIOIEV,rw,0x0,,
[31:1],unused,rw,0x0,,
,,,,,
,,,,,
register name,GPIOMIS,,,,
register address(offset),0x40,,,,
Bits,Name,R/W,default value,description,
[0],GPIOMIS,ro,0x0,,
[31:1],unused,ro,0x0,,
,,,,,
,,,,,
register name,GPIORIS,,,,
register address(offset),0x44,,,,
Bits,Name,R/W,default value,description,
[0],GPIORIS,ro,0x0,,
[31:1],unused,ro,0x0,,
,,,,,
,,,,,
register name,GPIOIC,,,,
register address(offset),0x4C,,,,
Bits,Name,R/W,default value,description,
[0],GPIOIC,w1c,0x0,,
[31:1],unused,rw,0x0,,
,,,,,
,,,,,
,,,,,
,,,,,
,,,,,
,,,,,
block name,GPIO,,,,
block bytes,0x80,,,,
,,,,,
,,,,,
,,,,,
,,,,,
,,,,,
,,,,,
,,,,,
,,,,,
,,,,,
,,,,,
register name,RNGCtrlReg,,,,
register address(offset),0x0,,,,
Bits,Name,R/W,default value,description,
[0],rngcir_en,rw,0x0,,
[1],trng_run,rw,0x0,,
[2],prng_run,rw,0x0,,
[31:3],unused,rw,0x0,field unused { bits 29; },
,,,,,
,,,,,
,,,,,
,,,,,
register name,RNGModeReg,,,,
register address(offset),0x04,,,,
Bits,Name,R/W,default value,description,
[0],trng_load,rw,0x0,,
[1],trng_fdbk,rw,0x0,,
[4:2],trng_cnt,rw,0x4,,
[31:5],unused,rw,0x0,,
,,,,,
,,,,,
register name,rngseqreg,,,,
register address(offset),0x08,,,,
Bits,Name,R/W,default value,description,
[0],prng_cap,wo,0x0,only write 1,
[7:1],unused,rw,0x0,,
[23:8],prng_data,ro,0x0,read unknown value,
[31:24],unused,rw,0x0,,
,,,,,
,,,,,
register name,RNGDataReg0,,,,
register address(offset),0x0C,,,,
Bits,Name,R/W,default value,description,
[31:0],RNGDataReg0,ro,0x0,,
,,,,,
,,,,,
register name,RNGDataReg1,,,,
register address(offset),0x10,,,,
Bits,Name,R/W,default value,description,
[31:0],RNGDataReg1,ro,0x0,,
,,,,,
,,,,,
,,,,,
,,,,,
,,,,,
,,,,,
,,,,,
block name,RNG,,,,
block bytes,0x20,,,,
,,,,,
,,,,,
,,,,,
,,,,,
,,,,,
,,,,,
,,,,,
,,,,,
,,,,,
,,,,,
register name,Timer1LoadCount,,,,
register address(offset),0x0,,,,
Bits,Name,R/W,default value,description,
[19:0],Timer1LoadCount,rw,0x0,,
[31:20],unused,rw,0x0,field unused { bits 12; },
,,,,,
,,,,,
,,,,,
register name,Timer1CurValue,,,,
register address(offset),0x04,,,,
Bits,Name,R/W,default value,description,
[19:0],Timer1CurValue,ro,0x0,,
[31:20],unused,ro,0x0,,
,,,,,
,,,,,
,,,,,
register name,Timer1Ctrl,,,,
register address(offset),0x08,,,,
Bits,Name,R/W,default value,description,
[0],Time1_en,rw,0x0,,
[1],Timer1_mode,rw,0x0,,
[2],Timer_mask,rw,0x0,,
[31:3],unused,rw,0x0,,
,,,,,
,,,,,
,,,,,
,,,,,
register name,Timer1_EOI,,,,
register address(offset),0x0C,,,,
Bits,Name,R/W,default value,description,
[0],Timer1_EOI,rc,0x0,,
[31:1],unused,ro,0x0,,
,,,,,
,,,,,
,,,,,
register name,Timer1_intStat,,,,
register address(offset),0x10,,,,
Bits,Name,R/W,default value,description,
[0],Timer1_intStat,ro,0x0,,
[31:1],unused,ro,0x0,,
,,,,,
,,,,,
,,,,,
register name,Timer2LoadCount,,,,
register address(offset),0x14,,,,
Bits,Name,R/W,default value,description,
[15:0],Timer2LoadCount,rw,0x0,,
[31:16],unused,rw,0x0,,
,,,,,
,,,,,
register name,Timer2CurValue,,,,
register address(offset),0x18,,,,
Bits,Name,R/W,default value,description,
[15:0],Timer2CurValue,ro,0x0,,
[31:16],unused,ro,0x0,,
,,,,,
,,,,,
register name,Timer2Ctrl,,,,
register address(offset),0x1C,,,,
Bits,Name,R/W,default value,description,
[0],Time2_en,rw,0x0,,
[1],Timer2_mode,rw,0x0,,
[2],Timer2mask,rw,0x0,,
[31:3],unused,rw,0x0,,
,,,,,
,,,,,
,,,,,
,,,,,
register name,Timer2_EOI,,,,
register address(offset),0x20,,,,
Bits,Name,R/W,default value,description,
[0],Timer2_EOI,rc,0x0,,
[31:1],unused,ro,0x0,,
,,,,,
,,,,,
,,,,,
register name,Timer2_intStat,,,,
register address(offset),0x24,,,,
Bits,Name,R/W,default value,description,
[0],Timer2_intStat,ro,0x0,,
[31:1],unused,ro,0x0,,
,,,,,
,,,,,
,,,,,
,,,,,
register name,Timer3LoadCount,,,,
register address(offset),0x28,,,,
Bits,Name,R/W,default value,description,
[15:0],Timer3LoadCount,rw,0x0,,
[31:16],unused,rw,0x0,,
,,,,,
,,,,,
register name,Timer3CurValue,,,,
register address(offset),0x2C,,,,
Bits,Name,R/W,default value,description,
[15:0],Timer3CurValue,ro,0x0,,
[31:16],unused,ro,0x0,,
,,,,,
,,,,,
register name,Timer3Ctrl,,,,
register address(offset),0x30,,,,
Bits,Name,R/W,default value,description,
[0],Time3_en,rw,0x0,,
[1],Timer3_mode,rw,0x0,,
[2],Timer3mask,rw,0x0,,
[31:3],unused,rw,0x0,,
,,,,,
,,,,,
,,,,,
,,,,,
register name,Timer3_EOI,,,,
register address(offset),0x34,,,,
Bits,Name,R/W,default value,description,
[0],Timer3_EOI,rc,0x0,,
[31:1],unused,ro,0x0,,
,,,,,
,,,,,
,,,,,
register name,Timer3_intStat,,,,
register address(offset),0x38,,,,
Bits,Name,R/W,default value,description,
[0],Timer3_intStat,ro,0x0,,
[31:1],unused,ro,0x0,,
,,,,,
,,,,,
,,,,,
,,,,,
register name,Timers_int_status,,,,
register address(offset),0xA0,,,,
Bits,Name,R/W,default value,description,
[0],Time1_int_status,ro,0x0,,
[1],Time2_int_status,ro,0x0,,
[2],Time3_int_status,ro,0x0,,
[31:3],unused,rw,0x0,,
,,,,,
,,,,,
,,,,,
,,,,,
register name,Timers_EOI,,,,
register address(offset),0xA4,,,,
Bits,Name,R/W,default value,description,
[0],Timer1_EOI,rc,0x0,,
[1],Timer2_EOI,rc,0x0,,
[2],Timer3_EOI,rc,0x0,,
[31:3],unused,rw,0x0,,
,,,,,
register name,Timers_intStat,,,,
register address(offset),0xA8,,,,
Bits,Name,R/W,default value,description,
[0],Timer1_rawintStat,ro,0x0,,
[1],Timer2_rawintStat,ro,0x0,,
[2],Timer3_rawintStat,ro,0x0,,
[31:3],unused,ro,0x0,,
,,,,,
,,,,,
,,,,,
,,,,,
,,,,,
,,,,,
block name,TIMER,,,,
block bytes,0x200,,,,
,,,,,
,,,,,
,,,,,
,,,,,
,,,,,
,,,,,
,,,,,
register name,TRICKReg,,,,
register address(offset),0x7C,,,,
Bits,Name,R/W,default value,description,
[0],TRICKReg,rw,0x0,,
[31:1],unused,rw,0x0,field unused { bits 31; },
,,,,,
,,,,,
,,,,,
,,,,,
block name,TRICKBOX,,,,
block bytes,0x10,,,,
,,,,,
,,,,,
,,,,,
,,,,,
,,,,,
,,,,,
,,,,,
,,,,,
register name,SM1CNTRL_REG,,,,
register address(offset),0x0,,,,
Bits,Name,R/W,default value,description,
[0],start,rw,0x0,,
[1],skey_sel,rw,0x0,,
[2],encrypt,rw,0x0,,
[4:3],round_sel,rw,0x0,,
[31:5],unused,rw,0x0,field unused { bits 27; },
,,,,,
,,,,,
,,,,,
,,,,,
register name,SM1EKEY_REG0,,,,
register address(offset),0x10,,,,
Bits,Name,R/W,default value,description,
[31:0],SM1EKEY_REG0,wo,0x0,,
,,,,,
,,,,,
,,,,,
,,,,,
register name,SM1EKEY_REG1,,,,
register address(offset),0x14,,,,
Bits,Name,R/W,default value,description,
[31:0],SM1EKEY_REG1,wo,0x0,,
,,,,,
,,,,,
,,,,,
,,,,,
register name,SM1EKEY_REG2,,,,
register address(offset),0x18,,,,
Bits,Name,R/W,default value,description,
[31:0],SM1EKEY_REG2,wo,0x0,,
,,,,,
,,,,,
,,,,,
,,,,,
register name,SM1EKEY_REG3,,,,
register address(offset),0x1C,,,,
Bits,Name,R/W,default value,description,
[31:0],SM1EKEY_REG3,wo,0x0,,
,,,,,
,,,,,
,,,,,
,,,,,
register name,SM1AKEY_REG0,,,,
register address(offset),0x20,,,,
Bits,Name,R/W,default value,description,
[31:0],SM1AKEY_REG0,wo,0x0,,
,,,,,
,,,,,
,,,,,
register name,SM1AKEY_REG1,,,,
register address(offset),0x24,,,,
Bits,Name,R/W,default value,description,
[31:0],SM1AKEY_REG1,wo,0x0,,
,,,,,
,,,,,
,,,,,
register name,SM1AKEY_REG2,,,,
register address(offset),0x28,,,,
Bits,Name,R/W,default value,description,
[31:0],DESKEY1_REG2,wo,0x0,,
,,,,,
,,,,,
,,,,,
register name,SM1AKEY_REG3,,,,
register address(offset),0x2C,,,,
Bits,Name,R/W,default value,description,
[31:0],SM1AKEY_REG3,wo,0x0,,
,,,,,
,,,,,
,,,,,
register name,SM1KEY_REG0,,,,
register address(offset),0x30,,,,
Bits,Name,R/W,default value,description,
[31:0],SM1KEY_REG0,wo,0x0,,
,,,,,
,,,,,
,,,,,
register name,SM1KEY_REG1,,,,
register address(offset),0x34,,,,
Bits,Name,R/W,default value,description,
[31:0],SM1KEY_REG1,wo,0x0,,
,,,,,
,,,,,
,,,,,
register name,SM1KEY_REG2,,,,
register address(offset),0x38,,,,
Bits,Name,R/W,default value,description,
[31:0],SM1KEY_REG2,wo,0x0,,
,,,,,
,,,,,
,,,,,
register name,SM1KEY_REG3,,,,
register address(offset),0x3C,,,,
Bits,Name,R/W,default value,description,
[31:0],SM1KEY_REG3,wo,0x0,,
,,,,,
,,,,,
,,,,,
,,,,,
,,,,,
register name,SM1DATA_REG0,,,,
register address(offset),0x40,,,,
Bits,Name,R/W,default value,description,
[31:0],SM1DATA_REG0,rw,0x0,,
,,,,,
,,,,,
,,,,,
register name,SM1DATA_REG1,,,,
register address(offset),0x44,,,,
Bits,Name,R/W,default value,description,
[31:0],SM1DATA_REG1,rw,0x0,,
,,,,,
,,,,,
,,,,,
register name,SM1DATA_REG2,,,,
register address(offset),0x48,,,,
Bits,Name,R/W,default value,description,
[31:0],SM1DATA_REG2,rw,0x0,,
,,,,,
,,,,,
,,,,,
register name,SM1DATA_REG3,,,,
register address(offset),0x4C,,,,
Bits,Name,R/W,default value,description,
[31:0],SM1DATA_REG3,rw,0x0,,
,,,,,
,,,,,
,,,,,
,,,,,
,,,,,
,,,,,
block name,SM1,,,,
block bytes,0x80,,,,
,,,,,
,,,,,
,,,,,
,,,,,
,,,,,
,,,,,
,,,,,
,,,,,
,,,,,
register name,SSF33CNTRL_REG,,,,
register address(offset),0x0,,,,
Bits,Name,R/W,default value,description,
[0],ssf33_start,rw,0x0,,
[1],ssf33ken_gen,rw,0x0,,
[2],ssf33key_sel,rw,0x0,,
[3],ssf33_encrypt,rw,0x0,,
[31:4],unused,rw,0x0,field unused { bits 28; },
,,,,,
,,,,,
,,,,,
,,,,,
register name,SSF33SKey_REG0,,,,
register address(offset),0x10,,,,
Bits,Name,R/W,default value,description,
[31:0],DESRAND_REG0,wo,0x0,,
,,,,,
,,,,,
,,,,,
,,,,,
register name,SSF33SKey_REG1,,,,
register address(offset),0x14,,,,
Bits,Name,R/W,default value,description,
[31:0],SSF33SKey_REG1,wo,0x0,,
,,,,,
,,,,,
,,,,,
,,,,,
register name,SSF33SKey_REG2,,,,
register address(offset),0x18,,,,
Bits,Name,R/W,default value,description,
[31:0],SSF33SKey_REG2,wo,0x0,,
,,,,,
,,,,,
,,,,,
,,,,,
register name,SSF33SKey_REG3,,,,
register address(offset),0x1C,,,,
Bits,Name,R/W,default value,description,
[31:0],SSF33SKey_REG3,wo,0x0,,
,,,,,
,,,,,
,,,,,
,,,,,
register name,SSF33Mkey_REG0,,,,
register address(offset),0x20,,,,
Bits,Name,R/W,default value,description,
[31:0],SSF33Mkey_REG0,wo,0x0,,
,,,,,
,,,,,
,,,,,
register name,SSF33Mkey_REG1,,,,
register address(offset),0x24,,,,
Bits,Name,R/W,default value,description,
[31:0],SSF33Mkey_REG1,wo,0x0,,
,,,,,
,,,,,
,,,,,
register name,SSF33Mkey_REG2,,,,
register address(offset),0x28,,,,
Bits,Name,R/W,default value,description,
[31:0],SSF33Mkey_REG2,wo,0x0,,
,,,,,
,,,,,
,,,,,
register name,SSF33Mkey_REG3,,,,
register address(offset),0x2C,,,,
Bits,Name,R/W,default value,description,
[31:0],SSF33Mkey_REG3,wo,0x0,,
,,,,,
,,,,,
,,,,,
register name,SSF33DATA_REG0,,,,
register address(offset),0x30,,,,
Bits,Name,R/W,default value,description,
[31:0],SSF33DATA_REG0,rw,0x0,,
,,,,,
,,,,,
,,,,,
register name,SSF33DATA_REG1,,,,
register address(offset),0x34,,,,
Bits,Name,R/W,default value,description,
[31:0],SSF33DATA_REG1,rw,0x0,,
,,,,,
,,,,,
,,,,,
register name,SSF33DATA_REG2,,,,
register address(offset),0x38,,,,
Bits,Name,R/W,default value,description,
[31:0],SSF33DATA_REG3,rw,0x0,,
,,,,,
,,,,,
,,,,,
register name,SSF33DATA_REG3,,,,
register address(offset),0x3C,,,,
Bits,Name,R/W,default value,description,
[31:0],SSF33DATA_REG3,rw,0x0,,
,,,,,
,,,,,
,,,,,
,,,,,
,,,,,
,,,,,
,,,,,
,,,,,
block name,SSF33,,,,
block bytes,0x80,,,,
,,,,,
,,,,,
,,,,,
,,,,,
,,,,,
,,,,,
,,,,,
,,,,,
,,,,,
,,,,,
,,,,,
register name,CRCREG,,,,
register address(offset),0x04,,,,
Bits,Name,R/W,default value,description,
[15:0],crcReg,rw,0x0000,,
[16],crcflag,ro,0x0,,
[31:17],unused,rw,0x0,field unused { bits 15; },
,,,,,
,,,,,
,,,,,
,,,,,
register name,CrcDataReg0,,,,
register address(offset),0x80,,,,
Bits,Name,R/W,default value,description,
[31:0],CrcDataReg0,wo,0x0,,
,,,,,
,,,,,
,,,,,
,,,,,
register name,CrcDataReg1,,,,
register address(offset),0x84,,,,
Bits,Name,R/W,default value,description,
[31:0],CrcDataReg1,wo,0x0,,
,,,,,
,,,,,
,,,,,
,,,,,
register name,CrcDataReg2,,,,
register address(offset),0x88,,,,
Bits,Name,R/W,default value,description,
[31:0],CrcDataReg2,wo,0x0,,
,,,,,
,,,,,
,,,,,
,,,,,
register name,CrcDataReg3,,,,
register address(offset),0x8C,,,,
Bits,Name,R/W,default value,description,
[31:0],CrcDataReg3,wo,0x0,,
,,,,,
,,,,,
,,,,,
,,,,,
register name,CrcDataReg4,,,,
register address(offset),0x90,,,,
Bits,Name,R/W,default value,description,
[31:0],CrcDataReg4,wo,0x0,,
,,,,,
,,,,,
,,,,,
register name,CrcDataReg5,,,,
register address(offset),0x94,,,,
Bits,Name,R/W,default value,description,
[31:0],CrcDataReg5,wo,0x0,,
,,,,,
,,,,,
,,,,,
register name,CrcDataReg6,,,,
register address(offset),0x98,,,,
Bits,Name,R/W,default value,description,
[31:0],CrcDataReg6,wo,0x0,,
,,,,,
,,,,,
,,,,,
register name,CrcDataReg7,,,,
register address(offset),0x9C,,,,
Bits,Name,R/W,default value,description,
[31:0],CrcDataReg7,wo,0x0,,
,,,,,
,,,,,
,,,,,
register name,CrcDataReg8,,,,
register address(offset),0xA0,,,,
Bits,Name,R/W,default value,description,
[31:0],CrcDataReg8,wo,0x0,,
,,,,,
,,,,,
,,,,,
register name,CrcDataReg9,,,,
register address(offset),0xA4,,,,
Bits,Name,R/W,default value,description,
[31:0],CrcDataReg9,wo,0x0,,
,,,,,
,,,,,
,,,,,
register name,CrcDataReg10,,,,
register address(offset),0xA8,,,,
Bits,Name,R/W,default value,description,
[31:0],CrcDataReg10,wo,0x0,,
,,,,,
,,,,,
,,,,,
register name,CrcDataReg11,,,,
register address(offset),0xAC,,,,
Bits,Name,R/W,default value,description,
[31:0],CrcDataReg11,wo,0x0,,
,,,,,
register name,CrcDataReg12,,,,
register address(offset),0xB0,,,,
Bits,Name,R/W,default value,description,
[31:0],CrcDataReg12,wo,0x0,,
,,,,,
register name,CrcDataReg13,,,,
register address(offset),0xB4,,,,
Bits,Name,R/W,default value,description,
[31:0],CrcDataReg13,wo,0x0,,
,,,,,
register name,CrcDataReg14,,,,
register address(offset),0xB8,,,,
Bits,Name,R/W,default value,description,
[31:0],CrcDataReg14,wo,0x0,,
,,,,,
register name,CrcDataReg15,,,,
register address(offset),0xBC,,,,
Bits,Name,R/W,default value,description,
[31:0],CrcDataReg15,wo,0x0,,
,,,,,
register name,CrcDataReg16,,,,
register address(offset),0xC0,,,,
Bits,Name,R/W,default value,description,
[31:0],CrcDataReg16,wo,0x0,,
,,,,,
,,,,,
register name,CrcDataReg17,,,,
register address(offset),0xC4,,,,
Bits,Name,R/W,default value,description,
[31:0],CrcDataReg17,wo,0x0,,
,,,,,
,,,,,
register name,CrcDataReg18,,,,
register address(offset),0xC8,,,,
Bits,Name,R/W,default value,description,
[31:0],CrcDataReg18,wo,0x0,,
,,,,,
,,,,,
register name,CrcDataReg19,,,,
register address(offset),0xCC,,,,
Bits,Name,R/W,default value,description,
[31:0],CrcDataReg19,wo,0x0,,
,,,,,
,,,,,
register name,CrcDataReg20,,,,
register address(offset),0xD0,,,,
Bits,Name,R/W,default value,description,
[31:0],CrcDataReg20,wo,0x0,,
,,,,,
,,,,,
register name,CrcDataReg21,,,,
register address(offset),0xD4,,,,
Bits,Name,R/W,default value,description,
[31:0],CrcDataReg21,wo,0x0,,
,,,,,
,,,,,
register name,CrcDataReg22,,,,
register address(offset),0xD8,,,,
Bits,Name,R/W,default value,description,
[31:0],CrcDataReg22,wo,0x0,,
,,,,,
,,,,,
register name,CrcDataReg23,,,,
register address(offset),0xDC,,,,
Bits,Name,R/W,default value,description,
[31:0],CrcDataReg23,wo,0x0,,
,,,,,
,,,,,
,,,,,
register name,CrcDataReg24,,,,
register address(offset),0xE0,,,,
Bits,Name,R/W,default value,description,
[31:0],CrcDataReg24,wo,0x0,,
,,,,,
,,,,,
register name,CrcDataReg25,,,,
register address(offset),0xE4,,,,
Bits,Name,R/W,default value,description,
[31:0],CrcDataReg25,wo,0x0,,
,,,,,
,,,,,
register name,CrcDataReg26,,,,
register address(offset),0xE8,,,,
Bits,Name,R/W,default value,description,
[31:0],CrcDataReg26,wo,0x0,,
,,,,,
,,,,,
register name,CrcDataReg27,,,,
register address(offset),0xEC,,,,
Bits,Name,R/W,default value,description,
[31:0],CrcDataReg27,wo,0x0,,
,,,,,
,,,,,
register name,CrcDataReg28,,,,
register address(offset),0xF0,,,,
Bits,Name,R/W,default value,description,
[31:0],CrcDataReg28,wo,0x0,,
,,,,,
,,,,,
register name,CrcDataReg29,,,,
register address(offset),0xF4,,,,
Bits,Name,R/W,default value,description,
[31:0],CrcDataReg29,wo,0x0,,
,,,,,
,,,,,
register name,CrcDataReg30,,,,
register address(offset),0xF8,,,,
Bits,Name,R/W,default value,description,
[31:0],CrcDataReg30,wo,0x0,,
,,,,,
,,,,,
register name,CrcDataReg31,,,,
register address(offset),0xFC,,,,
Bits,Name,R/W,default value,description,
[31:0],CrcDataReg31,wo,0x0,,
,,,,,
,,,,,
block name,CRC,,,,
block bytes,0x300,,,,
,,,,,
,,,,,
,,,,,
,,,,,
,,,,,
,,,,,
,,,,,
,,,,,
,,,,,
,,,,,
register name,EECTRLTIMEPARA,,,,
register address(offset),0x0,,,,
Bits,Name,R/W,default value,description,
[7:0],Trspra,rw,0x2C,,
[15:8],Trdpara,rw,0x1D,,
[23:16],T1dpara,rw,0x02,,
[31:24],Twepara,rw,0x06,,
,,,,,
,,,,,
,,,,,
,,,,,
register name,eectrlrdmode,,,,
register address(offset),0x04,,,,
Bits,Name,R/W,default value,description,
[0],readmode,rw,0x0,,
[31:1],unused,rw,0x0,,
,,,,,
,,,,,
,,,,,
register name,EECTRLWRMODE,,,,
register address(offset),0x08,,,,
Bits,Name,R/W,default value,description,
[0],HwEwStart,rw,0x0,,
[2:1],HwErOrWr,rw,0x0,,
[3],HwEWMode,rw,0x0,,
[4],EW_En,rw,0x0,,
[31:5],unused,rw,0x0,,
,,,,,
,,,,,
register name,EECTRLWRCTRL,,,,
register address(offset),0x0C,,,,
Bits,Name,R/W,default value,description,
[0],BUF_CLR,rw,0x0,,
[1],PROGRAM_EN,rw,0x0,,
[2],ERASE,rw,0x0,,
[3],WRITE,rw,0x0,,
[31:4],unused,rw,0x0,,
,,,,,
,,,,,
register name,EECTRLCFG,,,,
register address(offset),0x10,,,,
Bits,Name,R/W,default value,description,
[1:0],WR_MODE,rw,0x0,,
[2],EVPP_EN,rw,0x0,,
[3],SEL_OTP,rw,0x0,,
[5:4],SEL32,rw,0x0,,
[6],unused,rw,0x0,,
[7],KEY_LOAD,rw,0x0,,
[8],TC,rw,0x0,,
[13:9],TEST_SEL,rw,0x0,,
[31:14],unused,rw,0x0,,
,,,,,
,,,,,
,,,,,
register name,EECTRLINT,,,,
register address(offset),0x14,,,,
Bits,Name,R/W,default value,description,
[0],EE_Int,w1c,0x0,,
[31:1],unused,rw,0x0,,
,,,,,
,,,,,
,,,,,
,,,,,
,,,,,
,,,,,
,,,,,
,,,,,
block name,EECTRL,,,,
block bytes,0x80,,,,
,,,,,
,,,,,
,,,,,
,,,,,
,,,,,
,,,,,
,,,,,
,,,,,
register name,SM3CNTRL_REG,,,,
register address(offset),0x0,,,,
Bits,Name,R/W,default value,description,
[0],sm3_start,rw,0x0,,
[2:1],hash_sel,rw,0x0,,
[3],first_group,rw,0x0,,
[31:4],unused,rw,0x0,field unused { bits 28; },
,,,,,
,,,,,
,,,,,
,,,,,
register name,SM3HASH_REG0,,,,
register address(offset),0x20,,,,
Bits,Name,R/W,default value,description,
[31:0],SM3HASH_REG0,ro,0x0,,
,,,,,
,,,,,
,,,,,
,,,,,
register name,SM3HASH_REG1,,,,
register address(offset),0x24,,,,
Bits,Name,R/W,default value,description,
[31:0],SM3HASH_REG1,ro,0x0,,
,,,,,
,,,,,
,,,,,
,,,,,
register name,SM3HASH_REG2,,,,
register address(offset),0x28,,,,
Bits,Name,R/W,default value,description,
[31:0],SM3HASH_REG2,ro,0x0,,
,,,,,
,,,,,
,,,,,
,,,,,
register name,SM3HASH_REG3,,,,
register address(offset),0x2C,,,,
Bits,Name,R/W,default value,description,
[31:0],SM3HASH_REG3,ro,0x0,,
,,,,,
,,,,,
,,,,,
,,,,,
register name,SM3HASH_REG4,,,,
register address(offset),0x30,,,,
Bits,Name,R/W,default value,description,
[31:0],SM3HASH_REG4,ro,0x0,,
,,,,,
,,,,,
,,,,,
register name,SM3HASH_REG5,,,,
register address(offset),0x34,,,,
Bits,Name,R/W,default value,description,
[31:0],SM3HASH_REG5,ro,0x0,,
,,,,,
,,,,,
,,,,,
register name,SM3HASH_REG6,,,,
register address(offset),0x38,,,,
Bits,Name,R/W,default value,description,
[31:0],SM3HASH_REG6,ro,0x0,,
,,,,,
,,,,,
,,,,,
register name,SM3HASH_REG7,,,,
register address(offset),0x3C,,,,
Bits,Name,R/W,default value,description,
[31:0],SM3HASH_REG7,ro,0x0,,
,,,,,
,,,,,
,,,,,
register name,SM3DATA_REG0,,,,
register address(offset),0x40,,,,
Bits,Name,R/W,default value,description,
[31:0],SM3DATA_REG0,wo,0x0,,
,,,,,
,,,,,
,,,,,
register name,SM3DATA_REG1,,,,
register address(offset),0x44,,,,
Bits,Name,R/W,default value,description,
[31:0],SM3DATA_REG1,wo,0x0,,
,,,,,
,,,,,
,,,,,
register name,SM3DATA_REG2,,,,
register address(offset),0x48,,,,
Bits,Name,R/W,default value,description,
[31:0],SM3DATA_REG2,wo,0x0,,
,,,,,
,,,,,
,,,,,
register name,SM3DATA_REG3,,,,
register address(offset),0x4C,,,,
Bits,Name,R/W,default value,description,
[31:0],SM3DATA_REG3,wo,0x0,,
,,,,,
,,,,,
,,,,,
,,,,,
register name,SM3DATA_REG4,,,,
register address(offset),0x50,,,,
Bits,Name,R/W,default value,description,
[31:0],SM3DATA_REG4,wo,0x0,,
,,,,,
,,,,,
,,,,,
register name,SM3DATA_REG5,,,,
register address(offset),0x54,,,,
Bits,Name,R/W,default value,description,
[31:0],SM3DATA_REG5,wo,0x0,,
,,,,,
,,,,,
,,,,,
register name,SM3DATA_REG6,,,,
register address(offset),0x58,,,,
Bits,Name,R/W,default value,description,
[31:0],SM3DATA_REG6,wo,0x0,,
,,,,,
,,,,,
,,,,,
register name,SM3DATA_REG7,,,,
register address(offset),0x5C,,,,
Bits,Name,R/W,default value,description,
[31:0],SM3DATA_REG7,wo,0x0,,
,,,,,
,,,,,
,,,,,
register name,SM3DATA_REG8,,,,
register address(offset),0x60,,,,
Bits,Name,R/W,default value,description,
[31:0],SM3DATA_REG8,wo,0x0,,
,,,,,
,,,,,
,,,,,
register name,SM3DATA_REG9,,,,
register address(offset),0x64,,,,
Bits,Name,R/W,default value,description,
[31:0],SM3DATA_REG9,wo,0x0,,
,,,,,
,,,,,
,,,,,
register name,SM3DATA_REG10,,,,
register address(offset),0x68,,,,
Bits,Name,R/W,default value,description,
[31:0],SM3DATA_REG10,wo,0x0,,
,,,,,
,,,,,
,,,,,
register name,SM3DATA_REG11,,,,
register address(offset),0x6C,,,,
Bits,Name,R/W,default value,description,
[31:0],SM3DATA_REG11,wo,0x0,,
,,,,,
,,,,,
,,,,,
register name,SM3DATA_REG12,,,,
register address(offset),0x70,,,,
Bits,Name,R/W,default value,description,
[31:0],SM3DATA_REG12,wo,0x0,,
,,,,,
,,,,,
,,,,,
register name,SM3DATA_REG13,,,,
register address(offset),0x74,,,,
Bits,Name,R/W,default value,description,
[31:0],SM3DATA_REG13,wo,0x0,,
,,,,,
,,,,,
,,,,,
register name,SM3DATA_REG14,,,,
register address(offset),0x78,,,,
Bits,Name,R/W,default value,description,
[31:0],SM3DATA_REG14,wo,0x0,,
,,,,,
,,,,,
,,,,,
register name,SM3DATA_REG15,,,,
register address(offset),0x7C,,,,
Bits,Name,R/W,default value,description,
[31:0],SM3DATA_REG15,wo,0x0,,
,,,,,
,,,,,
,,,,,
,,,,,
,,,,,
,,,,,
block name,SM3,,,,
block bytes,0x160,,,,
,,,,,
,,,,,
,,,,,
,,,,,
,,,,,
,,,,,
,,,,,
,,,,,
,,,,,
,,,,,
register name,RFFIFODATA,,,,
register address(offset),0x0,,,,
Bits,Name,R/W,default value,description,
[7:0],RFDATA,rw,0x0,reset value is unknown value,
[31:8],unused,rw,0x0,field unused { bits 24; },
,,,,,
,,,,,
,,,,,
register name,RFFIFOWRPTR,,,,
register address(offset),0x04,,,,
Bits,Name,R/W,default value,description,
[7:0],RFWPTR,rw,0x0,,
[31:8],unused,rw,0x0,field unused { bits 24; },
,,,,,
,,,,,
,,,,,
register name,RFFIFORDPTR,,,,
register address(offset),0x08,,,,
Bits,Name,R/W,default value,description,
[7:0],RFRPTR,rw,0x0,,
[31:8],unused,rw,0x0,field unused { bits 24; },
,,,,,
,,,,,
,,,,,
,,,,,
register name,RFBAUT,,,,
register address(offset),0x0C,,,,
Bits,Name,R/W,default value,description,
[1:0],RX_BAUD,rw,0x0,,
[3:2],unused,rw,0x0,,
[5:4],TX_BAUD,rw,0x0,,
[31:6],unused,rw,0x0,field unused { bits 26; },
,,,,,
,,,,,
,,,,,
,,,,,
register name,RFCTRLR,,,,
register address(offset),0x10,,,,
Bits,Name,R/W,default value,description,
[0],ERR,ro,0x0,,
[1],ACB,rw,0x0,,
[2],ARX,rw,0x0,,
[3],F_F,ro,0x0,,
[4],TX,ro,0x0,,
[5],F_E,ro,0x0,,
[6],RX,rw,0x0,,
[7],RFP,wo,0x0,,
[31:8],unused,rw,0x0,,
,,,,,
,,,,,
,,,,,
register name,RFSTATE,,,,
register address(offset),0x14,,,,
Bits,Name,R/W,default value,description,
[0],CRCERR,ro,0x0,,
[1],FERR,ro,0x0,,
[2],EGTERR,ro,0x0,,
[3],BERR,ro,0x0,,
[4],PERR,ro,0x0,,
[31:5],unused,ro,0x0,,
,,,,,
,,,,,
,,,,,
register name,RFMODE,,,,
register address(offset),0x18,,,,
Bits,Name,R/W,default value,description,
[0],TXOSM,rw,0x0,,
[1],RXOSM,rw,0x0,,
[3:2],RXOSM_TIM,rw,0x0,,
[6:4],TXOSM_TIM,rw,0x0,,
[7],RFPTX,rw,0x0,,
[31:8],unused,rw,0x0,,
,,,,,
,,,,,
,,,,,
register name,RFFEATURE,,,,
register address(offset),0x1C,,,,
Bits,Name,R/W,default value,description,
[0],RFION,rw,0x1,,
[1],TA,rw,0x1,,
[2],TB,rw,0x0,,
[5:3],unused,rw,0x0,,
[6],AUTO_SEL,rw,0x0,,
[7],TYPE_ERR,ro,0x0,,
[31:8],unused,rw,0x0,,
,,,,,
,,,,,
,,,,,
,,,,,
register name,RFCONFIG,,,,
register address(offset),0x20,,,,
Bits,Name,R/W,default value,description,
[1:0],SWUPTX_TIM,rw,0x0,,
[2],CRC_EN,rw,0x1,,
[3],DIS_INT_ON_ERR,rw,0x0,,
[4],ACB_AUTO_CLOSE,rw,0x0,,
[7:5],ACB_VALUE,rw,0x3,,
[31:8],unused,rw,0x0,,
,,,,,
,,,,,
,,,,,
,,,,,
register name,RFTYPEACFG,,,,
register address(offset),0x24,,,,
Bits,Name,R/W,default value,description,
[1:0],TA_CAS_LEV,rw,0x0,,
[3:2],unused,rw,0x0,,
[5:4],TA_PRTY,rw,0x01,,
[6],TA_LPRTY_INV,rw,0x0,,
[7],HALF_BYTE,rw,0x0,,
[8],M1_AUTH,rw,0x0,,
[9],HH_AUTH,rw,0x0,,
[10],M1_DIS_CRYPTO,rw,0x0,,
[11],HH_DIS_CRYPTO,rw,0x0,,
[12],KEY_SEL,rw,0x0,,
[31:13],unused,rw,0x0,,
,,,,,
,,,,,
,,,,,
register name,RFTYPEACTRL,,,,
register address(offset),0x28,,,,
Bits,Name,R/W,default value,description,
[0],AUTH_START,rw,0x0,,
[1],SET_IDLE,w1,0x0,,
[2],SET_HALT,w1,0x0,,
[31:3],unused,rw,0x0,,
,,,,,
,,,,,
,,,,,
,,,,,
register name,RFTYPEASTAT,,,,
register address(offset),0x2C,,,,
Bits,Name,R/W,default value,description,
[0],M1_VALID,ro,0x0,,
[1],HH_VALID,ro,0x0,,
[31:2],unused,rw,0x0,,
,,,,,
,,,,,
,,,,,
register name,RFTYPEADATA1,,,,
register address(offset),0x30,,,,
Bits,Name,R/W,default value,description,
[7:0],UID0,rw,0x0,,
[15:8],UID1,rw,0x0,,
[23:16],UID2,rw,0x0,,
[31:24],UID3,rw,0x0,,
,,,,,
,,,,,
,,,,,
register name,RFTYPEADATA2,,,,
register address(offset),0x34,,,,
Bits,Name,R/W,default value,description,
[7:0],UID4,rw,0x0,,
[15:8],UID5,rw,0x0,,
[23:16],UID6,rw,0x0,,
[31:24],UID7,rw,0x0,,
,,,,,
,,,,,
,,,,,
register name,RFTYPEADATA3,,,,
register address(offset),0x38,,,,
Bits,Name,R/W,default value,description,
[7:0],UID8,rw,0x0,,
[15:8],UID9,rw,0x0,,
[23:16],PCODE,rw,0x0,,
[31:24],SAK,rw,0x0,,
,,,,,
,,,,,
,,,,,
register name,RFTYPEBCFG,,,,
register address(offset),0x44,,,,
Bits,Name,R/W,default value,description,
[0],RFIntMode,w1c,0x0,,
[31:1],unused,rw,0x0,,
,,,,,
,,,,,
,,,,,
register name,RFM1AUTH1REG,,,,
register address(offset),0xF0,,,,
Bits,Name,R/W,default value,description,
[31:0],M1AUTHREG1,wo,0x0,,
,,,,,
,,,,,
,,,,,
register name,RFM1AUTH2REG,,,,
register address(offset),0xF4,,,,
Bits,Name,R/W,default value,description,
[31:0],M1AUTHREG2,wo,0x0,,
,,,,,
,,,,,
,,,,,
register name,RFHHAUTH1REG,,,,
register address(offset),0xF8,,,,
Bits,Name,R/W,default value,description,
[31:0],HHAUTHREG1,wo,0x0,,
,,,,,
,,,,,
,,,,,
register name,RFHHAUTH2REG,,,,
register address(offset),0xFC,,,,
Bits,Name,R/W,default value,description,
[31:0],HHAUTHREG2,wo,0x0,,
,,,,,
,,,,,
,,,,,
,,,,,
,,,,,
block name,RFCTRL,,,,
block bytes,0x200,,,,
,,,,,
,,,,,
,,,,,
,,,,,
,,,,,
,,,,,
,,,,,
,,,,,
register name,RstEnReg,,,,
register address(offset),0x0,,,,
Bits,Name,R/W,default value,description,
[0],sw_rst_en,rw,0x0,,
[1],wd_rst_en,rw,0x0,,
[2],tdh_rst_en,rw,0x0,,
[3],tdl_rst_en,rw,0x0,,
[4],fdh_rst_en,rw,0x0,,
[5],fdl_rst_en,rw,0x0,,
[6],light_rst_en,rw,0x0,,
[7],md_rst_en,rw,0x0,,
[8],shield_rst_en,rw,0x0,,
[9],vdh_rst_en,rw,0x0,,
[31:10],unused,rw,0x0,,
,,,,,
,,,,,
,,,,,
register name,RstTypReg,,,,
register address(offset),0x04,,,,
Bits,Name,R/W,default value,description,
[0],sw_rst_typ,rw,0x0,,
[1],wd_rst_typ,rw,0x0,,
[2],tdh_rst_typ,rw,0x0,,
[3],tdl_rst_typ,rw,0x0,,
[4],fdh_rst_typ,rw,0x0,,
[5],fdl_rst_typ,rw,0x0,,
[6],light_rst_typ,rw,0x0,,
[7],md_rst_typ,rw,0x0,,
[8],shield_rst_typ,rw,0x0,,
[9],sci7816_rst_typ,rw,0x0,,
[10],vdh_rst_typ,rw,0x0,,
[31:11],unused,rw,0x0,,
,,,,,
,,,,,
,,,,,
register name,SWGenReg,,,,
register address(offset),0x08,,,,
Bits,Name,R/W,default value,description,
[31:0],SWGenReg,wo,0x0,,
,,,,,
,,,,,
,,,,,
,,,,,
register name,ModuleRstReg,,,,
register address(offset),0x0C,,,,
Bits,Name,R/W,default value,description,
[0],Rst_sec,rw,0x1,,
[1],Rst_int,rw,0x1,,
[2],Rst_rng,rw,0x1,,
[3],Rst_crc,rw,0x1,,
[4],Rst_pit,rw,0x1,,
[5],Rst_pit1,rw,0x1,,
[6],Rst_wdt,rw,0x1,,
[7],Rst_eectrl,rw,0x1,,
[8],Rst_rf,rw,0x1,,
[9],Rst_des,rw,0x1,,
[10],Rst_rsa,rw,0x1,,
[11],Rst_ssf33,rw,0x1,,
[12],Rst_gpio,rw,0x1,,
[13],Rst_uart,rw,0x1,,
[14],Rst_sm1,rw,0x1,,
[15],Rst_sm3,rw,0x1,,
[16],Rst_sm7,rw,0x1,,
[31:17],unused,rw,0x0,,
,,,,,
,,,,,
register name,PrivCtrlReg,,,,
register address(offset),0x10,,,,
Bits,Name,R/W,default value,description,
[0],System_user,rw,0x0,,
[1],secure_user,rw,0x0,,
[2],crc_user,rw,0x0,,
[3],eeprom_user,rw,0x0,,
[4],rf_user,rw,0x0,,
[5],des_user,rw,0x0,,
[6],rsa_user,rw,0x0,,
[7],clk_user,rw,0x0,,
[8],ssf33_user,rw,0x0,,
[9],sm1_user,rw,0x0,,
[10],sm3_user,rw,0x0,,
[11],sm7_user,rw,0x0,,
[31:12],unused,rw,0x0,,
,,,,,
,,,,,
,,,,,
register name,DrvParaReg0,,,,
register address(offset),0x80,R/W,,,
Bits,Name,R/W,default value,description,
[7:0],DrvParaReg0,rw,0x0,,
[11:8],RFD_HDET_CON,rw,0xa,,
[14:12],RFD_LIMIT_EN,rw,0x7,,
[20:15],RFD_LIMIT_CON,rw,0x2a,,
[24:21],VDOPT,rw,0x3,,
[31:25],LDOPT,rw,0x1,,
,,,,,
,,,,,
register name,DrvParaReg1,,,,
register address(offset),0x84,,,,
Bits,Name,R/W,default value,description,
[15:0],PMV11_PMOPT,rw,0x0,,
[16],ATV11_EN_OPT,rw,0x1,,
[20:17],ATV11_AA_OPT,rw,0x0,,
[24:21],ATV11_DA_OPT,rw,0x0,,
[31:25],unused,rw,0x0,,
,,,,,
,,,,,
,,,,,
,,,,,
register name,DrvParaReg2,,,,
register address(offset),0x88,,,,
Bits,Name,R/W,default value,description,
[3:0],VCO_30m_q,rw,0x04,,
[7:4],TD_OPT,rw,0x05,,
[9:8],EEIREFSEL,rw,0x0,,
[11:10],EEVREFSEL,rw,0x0,,
[31:12],unused,ro,0x0,,
,,,,,
,,,,,
register name,DrvParaReg3,,,,
register address(offset),0x8C,,,,
Bits,Name,R/W,default value,description,
[31:0],DrvParaReg3,rw,0x0,,
,,,,,
,,,,,
,,,,,
register name,DrvParaReg4,,,,
register address(offset),0x90,,,,
Bits,Name,R/W,default value,description,
[31:0],DrvParaReg4,rw,0x0,,
,,,,,
,,,,,
,,,,,
register name,DrvParaReg5,,,,
register address(offset),0x94,,,,
Bits,Name,R/W,default value,description,
[31:0],drvParaReg5,rw,0x0,,
,,,,,
,,,,,
,,,,,
register name,DrvParaReg6,,,,
register address(offset),0x98,,,,
Bits,Name,R/W,default value,description,
[31:0],DrvParaReg6,rw,0x0,,
,,,,,
,,,,,
,,,,,
register name,DrvParaReg7,,,,
register address(offset),0x9C,,,,
Bits,Name,R/W,default value,description,
[31:0],DrvParaReg7,rw,0x0,,
,,,,,
,,,,,
,,,,,
,,,,,
register name,PowerAvailReg,,,,
register address(offset),0xF4,,,,
Bits,Name,R/W,default value,description,
[1:0],PowerAvailReg,ro,0x3,unknown value,
[31:2],unused,rw,0x0,,
,,,,,
,,,,,
,,,,,
register name,testfuse,,,,
register address(offset),0xF8,,,,
Bits,Name,R/W,default value,description,
[0],testfuse,ro,0x1,unknown value,
[31:1],unused,rw,0x0,,
,,,,,
,,,,,
,,,,,
register name,romswitch,,,,
register address(offset),0xFC,,,,
Bits,Name,R/W,default value,description,
[0],romswitch,rw,0x0,,
[31:1],unused,rw,0x0,,
,,,,,
,,,,,
,,,,,
register name,SDCntrlReg,,,,
register address(offset),0x100,,,,
Bits,Name,R/W,default value,description,
[0],MD_open,rw,0x0,,
[1],FD_open,rw,0x0,,
[2],FDH_en,rw,0x0,,
[3],FDL_en,rw,0x0,,
[4],Light_en,rw,0x0,,
[5],TD_open,rw,0x0,,
[6],TDH_en,rw,0x0,,
[7],TDL_en,rw,0x0,,
[8],VD_open,rw,0x0,,
[9],VDH_en,rw,0x0,,
[10],VHL_en,rw,0x0,,
[11],MD_en,rw,0x0,,
[12],LD_en,rw,0x0,,
[13],RNI_en,rw,0x0,,
[15:14],RNI_sel,rw,0x0,,
[31:16],unused,rw,0x0,,
,,,,,
,,,,,
register name,shield1data,,,,
register address(offset),0x104,,,,
Bits,Name,R/W,default value,description,
[8:0],shield1_din,rw,0x0,unknown value,
[31:9],unused,rw,0x0,,
,,,,,
,,,,,
,,,,,
register name,shield2data,,,,
register address(offset),0x108,,,,
Bits,Name,R/W,default value,description,
[8:0],shield2_din,rw,0x0,unknown value,
[31:9],unused,rw,0x0,,
,,,,,
,,,,,
,,,,,
register name,shield1stat,,,,
register address(offset),0x10C,,,,
Bits,Name,R/W,default value,description,
[8:0],shield1_dout,ro,0x0,unknown value,
[9],valid1,ro,0x0,,
[10],alarm1,ro,0x0,,
[31:11],unused,rw,0x0,,
,,,,,
,,,,,
,,,,,
register name,shield2stat,,,,
register address(offset),0x110,,,,
Bits,Name,R/W,default value,description,
[8:0],shield2_dout,ro,0x0,unknown value,
[9],valid2,ro,0x0,,
[10],alarm2,ro,0x0,,
[31:11],unused,rw,0x0,,
,,,,,
,,,,,
,,,,,
register name,med_con,,,,
register address(offset),0x114,,,,
Bits,Name,R/W,default value,description,
[0],ram_en,rw,0x1,,
[1],ee_en,rw,0x1,,
[2],rom_en,rw,0x1,,
[31:3],unused,rw,0x0,,
,,,,,
,,,,,
,,,,,
register name,ramkey_cap,,,,
register address(offset),0x118,,,,
Bits,Name,R/W,default value,description,
[31:0],ramkey_cap,wo,0x0,,
,,,,,
,,,,,
,,,,,
register name,ClkselReg,,,,
register address(offset),0x200,,,,
Bits,Name,R/W,default value,description,
[1:0],Clksel ,ro,0x0,unknown value,
[2],clkavailcl,ro,0x1,unknown value,
[3],clkavailcb,ro,0x1,unknown value,
[5:4],ClkPrior,rw,0x0,,
[6],Clkmaskcl,rw,0x0,,
[7],clkmaskcb,rw,0x0,,
[8],clkmaskps,rw,0x0,,
[31:9],unused,rw,0x0,,
,,,,,
,,,,,
register name,HclkConReg,,,,
register address(offset),0x204,,,,
Bits,Name,R/W,default value,description,
[1:0],Hclk_sel,rw,0x0,,
[2],unused,rw,0x0,,
[3],Fmax,rw,0x0,,
[4],ClkvocDiv,rw,0x0,,
[31:5],unused,rw,0x0,,
,,,,,
,,,,,
register name,PclkselReg,,,,
register address(offset),0x208,,,,
Bits,Name,R/W,default value,description,
[1:0],Pclksel,rw,0x2,,
[31:2],unused,rw,0x0,,
,,,,,
,,,,,
,,,,,
register name,ClkVcoConReg,,,,
register address(offset),0x20C,,,,
Bits,Name,R/W,default value,description,
[0],vcoclk_en,rw,0x0,,
[31:1],unused,rw,0x0,,
,,,,,
,,,,,
,,,,,
register name,ClkRsaSelReg,,,,
register address(offset),0x210,,,,
Bits,Name,R/W,default value,description,
[3:0],clkRsaSel ,rw,0x0,,
[5:4],Clktime1sel,rw,0x0,,
[7:6],Clktime2sel,rw,0x0,,
[31:8],unused,rw,0x0,,
,,,,,
,,,,,
,,,,,
register name,ClkClsReg,,,,
register address(offset),0x214,,,,
Bits,Name,R/W,default value,description,
[0],Secure_cls,rw,0x0,,
[1],int_cls,rw,0x0,,
[2],rng_cls,rw,0x0,,
[3],crc_cls,rw,0x1,,
[4],timer_cls,rw,0x0,,
[5],wdt_cls,rw,0x0,,
[6],eectrl_cls,rw,0x0,,
[7],rf_cls,rw,0x0,,
[8],des_cls,rw,0x1,,
[9],rsa_cls,rw,0x1,,
[10],ssf33_cls,rw,0x1,,
[11],gpio_cls,rw,0x0,,
[12],sci7816,rw,0x0,,
[13],sm1_cls,rw,0x1,,
[14],sm3_cls,rw,0x1,,
[15],sm7_cls,rw,0x1,,
[31:16],unused,rw,0x0,,
,,,,,
,,,,,
,,,,,
register name,PowerModeReg,,,,
register address(offset),0x218,,,,
Bits,Name,R/W,default value,description,
[0],idle,rw,0x0,,
[1],stop,rw,0x0,,
[31:2],unused,rw,0x0,,
,,,,,
,,,,,
,,,,,
,,,,,
,,,,,
register name,ClkTestReg,,,,
register address(offset),0x2FC,,,,
Bits,Name,R/W,default value,description,
[0],Testrun,rw,0x0,,
[7:1],unused,rw,0x0,,
[19:8],VCO_Count,rw,0x0,,
[31:20],unused,rw,0x0,,
,,,,,
,,,,,
,,,,,
,,,,,
,,,,,
,,,,,
block name,SYSCTRL,,,,
block bytes,0x1000,,,,
,,,,,
,,,,,
,,,,,
,,,,,
,,,,,
,,,,,
,,,,,
,,,,,
,,,,,
,,,,,
register name,RECR,,,,
register address(offset),0x0,,,,
Bits,Name,R/W,default value,description,
[0],rsa_start,rw,0x0,,
[1],idle_run,rw,0x0,,
[31:2],unused,rw,0x0,field unused { bits 29; },
,,,,,
,,,,,
,,,,,
,,,,,
register name,RESR,,,,
register address(offset),0x04,,,,
Bits,Name,R/W,default value,description,
[0],Error_flag,ro,0x0,,
[1],Overflow,ro,0x0,,
[31:2],unused,rw,0x0,,
,,,,,
,,,,,
register name,REFR,,,,
register address(offset),0x08,,,,
Bits,Name,R/W,default value,description,
[7:0],Function_ID,rw,0x0,,
[31:8],unused,rw,0x0,,
,,,,,
,,,,,
,,,,,
register name,RESCR,,,,
register address(offset),0x0C,,,,
Bits,Name,R/W,default value,description,
[0],Fix_time,rw,0x0,,
[1],Rnd_multi,rw,0x0,,
[2],Extra_exp,rw,0x0,,
[31:3],unused,rw,0x0,,
,,,,,
,,,,,
register name,REDQR,,,,
register address(offset),0x10,,,,
Bits,Name,R/W,default value,description,
[31:0],REDQR,rw,0x0,,
,,,,,
,,,,,
,,,,,
,,,,,
register name,REINT,,,,
register address(offset),0x14,,,,
Bits,Name,R/W,default value,description,
[0],RSA_int,w1c,0x0,,
[31:1],unused,rw,0x0,,
,,,,,
,,,,,
,,,,,
register name,REDAR,,,,
register address(offset),0x100,,,,
Bits,Name,R/W,default value,description,
[31:0],REDAR,rw,0x0,,
,,,,,
,,,,,
,,,,,
register name,REDAR31,,,,
register address(offset),0x17C,,,,
Bits,Name,R/W,default value,description,
[31:0],REDAR31,rw,0x0,,
,,,,,
,,,,,
,,,,,
register name,REDXR,,,,
register address(offset),0x180,,,,
Bits,Name,R/W,default value,description,
[31:0],REDXR,rw,0x0,,
,,,,,
,,,,,
,,,,,
register name,REDXR31,,,,
register address(offset),0x1FC,,,,
Bits,Name,R/W,default value,description,
[31:0],REDXR31,rw,0x0,,
,,,,,
,,,,,
,,,,,
register name,REDBR,,,,
register address(offset),0x200,,,,
Bits,Name,R/W,default value,description,
[31:0],REDBR,rw,0x0,,
,,,,,
,,,,,
,,,,,
register name,REDBR31,,,,
register address(offset),0x27C,,,,
Bits,Name,R/W,default value,description,
[31:0],REDBR31,rw,0x0,,
,,,,,
,,,,,
,,,,,
register name,REDYR,,,,
register address(offset),0x280,,,,
Bits,Name,R/W,default value,description,
[31:0],REDBR,rw,0x0,,
,,,,,
,,,,,
,,,,,
register name,REDYR31,,,,
register address(offset),0x2FC,,,,
Bits,Name,R/W,default value,description,
[31:0],REDYR31,rw,0x0,,
,,,,,
,,,,,
,,,,,
,,,,,
register name,REDCR,,,,
register address(offset),0x300,,,,
Bits,Name,R/W,default value,description,
[31:0],REDBR,rw,0x0,,
,,,,,
,,,,,
,,,,,
register name,REDCR31,,,,
register address(offset),0x3FC,,,,
Bits,Name,R/W,default value,description,
[31:0],REDCR31,rw,0x0,,
,,,,,
,,,,,
,,,,,
,,,,,
register name,REDPR,,,,
register address(offset),0x400,,,,
Bits,Name,R/W,default value,description,
[31:0],REDPR,rw,0x0,,
,,,,,
,,,,,
,,,,,
register name,REDPR31,,,,
register address(offset),0x4FC,,,,
Bits,Name,R/W,default value,description,
[31:0],REDPR31,rw,0x0,,
,,,,,
,,,,,
,,,,,
,,,,,
register name,REDUR,,,,
register address(offset),0x500,,,,
Bits,Name,R/W,default value,description,
[31:0],REDUR,rw,0x0,,
,,,,,
,,,,,
,,,,,
register name,REDUR31,,,,
register address(offset),0x5FC,,,,
Bits,Name,R/W,default value,description,
[31:0],REDUR31,rw,0x0,,
,,,,,
,,,,,
,,,,,
,,,,,
register name,REDVR,,,,
register address(offset),0x600,,,,
Bits,Name,R/W,default value,description,
[31:0],REDVR,rw,0x0,,
,,,,,
,,,,,
,,,,,
register name,REDVR31,,,,
register address(offset),0x67C,,,,
Bits,Name,R/W,default value,description,
[31:0],REDVR31,rw,0x0,,
,,,,,
,,,,,
,,,,,
,,,,,
,,,,,
,,,,,
,,,,,
,,,,,
block name,RSA,,,,
block bytes,0x1000,,,,
,,,,,
,,,,,
,,,,,
register name,SM7CNTRL_REG,,,,
register address(offset),0x0,,,,
Bits,Name,R/W,default value,description,
[0],sm7_start,rw,0x0,,
[1],sm7_encrypt,rw,0x0,,
[31:2],unused,rw,0x0,field unused { bits 30; },
,,,,,
,,,,,
,,,,,
,,,,,
register name,SM7DATA_REG0,,,,
register address(offset),0x10,,,,
Bits,Name,R/W,default value,description,
[31:0],SM7DATA_REG0,rw,0x0,,
,,,,,
,,,,,
,,,,,
,,,,,
register name,SM7DATA_REG1,,,,
register address(offset),0x14,,,,
Bits,Name,R/W,default value,description,
[31:0],SM7DATA_REG1,rw,0x0,,
,,,,,
,,,,,
register name,SM7KEY_REG1,,,,
register address(offset),0x20,,,,
Bits,Name,R/W,default value,description,
[31:0],SM7KEY_REG1,wo,0x0,,
,,,,,
,,,,,
register name,SM7KEY_REG2,,,,
register address(offset),0x24,,,,
Bits,Name,R/W,default value,description,
[31:0],SM7KEY_REG2,wo,0x0,,
,,,,,
,,,,,
,,,,,
register name,SM7KEY_REG3,,,,
register address(offset),0x28,,,,
Bits,Name,R/W,default value,description,
[31:0],SM7KEY_REG3,wo,0x0,,
,,,,,
,,,,,
,,,,,
,,,,,
register name,SM7KEY_REG4,,,,
register address(offset),0x2C,,,,
Bits,Name,R/W,default value,description,
[31:0],SM7KEY_REG4,wo,0x0,,
,,,,,
,,,,,
,,,,,
block name,SM7,,,,
block bytes,0x80,,,,
,,,,,
,,,,,
,,,,,
,,,,,
,,,,,
,,,,,
,,,,,
,,,,,
,,,,,
system name,CHIP2901M4,,,,
system bytes,0x100000,,,,
WDT,0xF0000,,,,
SCI7816,0xF0400,,,,
ICTL,0xF0C00,,,,
GPIO,0xF1000,,,,
RNG,0xF1800,,,,
TIMER,0xF1C00,,,,
TRICKBOX,0xF3C00,,,,
DES,0xF4000,,,,
SM1,0xF4400,,,,
SSF33,0xF4800,,,,
SM7,0xF4C00,,,,
SM3,0xF5000,,,,
CRC,0xF5400,,,,
RSA,0xF5800,,,,
SYSCTRL,0xF7000,,,,
EECTRL,0xF8000,,,,
RFCTRL,0xF9400,,,,
,,,,,
